{
    "overview": {
        "all_units": 58
    },
    "units": {
        "1": {
            "upslope": [
                2,
                4,
                58
            ],
            "downslope": -1,
            "area": 0.05940000009004566,
            "primarylanduse": 95,
            "landuse": {
                "82": 0.01890000002865089,
                "21": 0.007200000010914626,
                "81": 0.007200000010914626,
                "71": 0.005400000008185969,
                "95": 0.020700000031379544
            },
            "degree": 1.0
        },
        "2": {
            "upslope": [
                3
            ],
            "downslope": 1,
            "area": 0.016200000024557907,
            "primarylanduse": 81,
            "landuse": {
                "81": 0.015300000023193578,
                "95": 0.0009000000013643282
            },
            "degree": 2.0
        },
        "3": {
            "upslope": [
                -1
            ],
            "downslope": 2,
            "area": 0.013500000020464923,
            "primarylanduse": 82,
            "landuse": {
                "82": 0.00990000001500761,
                "21": 0.0027000000040929843,
                "22": 0.0009000000013643282
            },
            "degree": 3.0
        },
        "4": {
            "upslope": [
                5,
                7
            ],
            "downslope": 1,
            "area": 0.03420000005184447,
            "primarylanduse": 82,
            "landuse": {
                "82": 0.020700000031379544,
                "81": 0.00450000000682164,
                "71": 0.00900000001364328
            },
            "degree": 2.0
        },
        "5": {
            "upslope": [
                6
            ],
            "downslope": 4,
            "area": 0.0351000000532088,
            "primarylanduse": 81,
            "landuse": {
                "82": 0.005400000008185969,
                "22": 0.0009000000013643282,
                "81": 0.028800000043658503
            },
            "degree": 3.0
        },
        "6": {
            "upslope": [
                -1
            ],
            "downslope": 5,
            "area": 0.024300000036836862,
            "primarylanduse": 82,
            "landuse": {
                "82": 0.01890000002865089,
                "22": 0.0018000000027286564,
                "21": 0.003600000005457313
            },
            "degree": 4.0
        },
        "7": {
            "upslope": [
                8
            ],
            "downslope": 4,
            "area": 0.042300000064123426,
            "primarylanduse": 82,
            "landuse": {
                "82": 0.040500000061394766,
                "71": 0.0009000000013643282,
                "81": 0.0009000000013643282
            },
            "degree": 3.0
        },
        "8": {
            "upslope": [
                9,
                55
            ],
            "downslope": 7,
            "area": 0.01890000002865089,
            "primarylanduse": 82,
            "landuse": {
                "82": 0.007200000010914626,
                "11": 0.003600000005457313,
                "71": 0.003600000005457313,
                "81": 0.00450000000682164
            },
            "degree": 4.0
        },
        "9": {
            "upslope": [
                10
            ],
            "downslope": 8,
            "area": 0.018000000027286564,
            "primarylanduse": 82,
            "landuse": {
                "82": 0.010800000016371937,
                "71": 0.0009000000013643282,
                "41": 0.006300000009550297
            },
            "degree": 5.0
        },
        "10": {
            "upslope": [
                11,
                51,
                52
            ],
            "downslope": 9,
            "area": 0.5607000008499764,
            "primarylanduse": 82,
            "landuse": {
                "82": 0.5202000007885816,
                "23": 0.0018000000027286564,
                "21": 0.01980000003001522,
                "22": 0.0027000000040929843,
                "71": 0.013500000020464921,
                "81": 0.0009000000013643282,
                "41": 0.0018000000027286564
            },
            "degree": 6.0
        },
        "11": {
            "upslope": [
                12
            ],
            "downslope": 10,
            "area": 0.015300000023193578,
            "primarylanduse": 90,
            "landuse": {
                "41": 0.0027000000040929843,
                "90": 0.006300000009550297,
                "82": 0.005400000008185969,
                "71": 0.0009000000013643282
            },
            "degree": 7.0
        },
        "12": {
            "upslope": [
                13
            ],
            "downslope": 11,
            "area": 0.013500000020464923,
            "primarylanduse": 41,
            "landuse": {
                "41": 0.006300000009550297,
                "71": 0.003600000005457313,
                "82": 0.003600000005457313
            },
            "degree": 8.0
        },
        "13": {
            "upslope": [
                14
            ],
            "downslope": 12,
            "area": 0.025200000038201185,
            "primarylanduse": 71,
            "landuse": {
                "71": 0.015300000023193578,
                "82": 0.0018000000027286564,
                "41": 0.0027000000040929843,
                "81": 0.005400000008185969
            },
            "degree": 9.0
        },
        "14": {
            "upslope": [
                15,
                17
            ],
            "downslope": 13,
            "area": 0.3771000005716535,
            "primarylanduse": 82,
            "landuse": {
                "82": 0.33930000051435166,
                "41": 0.0018000000027286564,
                "71": 0.02970000004502283,
                "21": 0.00450000000682164,
                "22": 0.0018000000027286564
            },
            "degree": 10.0
        },
        "15": {
            "upslope": [
                16
            ],
            "downslope": 14,
            "area": 0.018000000027286564,
            "primarylanduse": 41,
            "landuse": {
                "41": 0.015300000023193578,
                "82": 0.0027000000040929843
            },
            "degree": 11.0
        },
        "16": {
            "upslope": [
                -1
            ],
            "downslope": 15,
            "area": 0.1980000003001522,
            "primarylanduse": 82,
            "landuse": {
                "82": 0.19080000028923758,
                "71": 0.005400000008185969,
                "41": 0.0018000000027286564
            },
            "degree": 12.0
        },
        "17": {
            "upslope": [
                18
            ],
            "downslope": 14,
            "area": 0.020700000031379548,
            "primarylanduse": 82,
            "landuse": {
                "21": 0.005400000008185969,
                "82": 0.015300000023193578
            },
            "degree": 11.0
        },
        "18": {
            "upslope": [
                19,
                39,
                49,
                50
            ],
            "downslope": 17,
            "area": 0.07110000010778193,
            "primarylanduse": 95,
            "landuse": {
                "81": 0.00900000001364328,
                "71": 0.0009000000013643282,
                "82": 0.027000000040929843,
                "95": 0.032400000049115814,
                "21": 0.0018000000027286564
            },
            "degree": 12.0
        },
        "19": {
            "upslope": [
                20,
                21
            ],
            "downslope": 18,
            "area": 0.018000000027286564,
            "primarylanduse": 82,
            "landuse": {
                "71": 0.005400000008185969,
                "82": 0.008100000012278953,
                "81": 0.0027000000040929843,
                "95": 0.0018000000027286564
            },
            "degree": 13.0
        },
        "20": {
            "upslope": [
                -1
            ],
            "downslope": 19,
            "area": 0.016200000024557907,
            "primarylanduse": 81,
            "landuse": {
                "81": 0.007200000010914626,
                "82": 0.00450000000682164,
                "71": 0.00450000000682164
            },
            "degree": 14.0
        },
        "21": {
            "upslope": [
                22
            ],
            "downslope": 19,
            "area": 0.01800000002728656,
            "primarylanduse": 82,
            "landuse": {
                "82": 0.01800000002728656
            },
            "degree": 14.0
        },
        "22": {
            "upslope": [
                23,
                38
            ],
            "downslope": 21,
            "area": 0.019800000030015218,
            "primarylanduse": 82,
            "landuse": {
                "81": 0.007200000010914626,
                "95": 0.00450000000682164,
                "82": 0.008100000012278953
            },
            "degree": 15.0
        },
        "23": {
            "upslope": [
                24
            ],
            "downslope": 22,
            "area": 0.020700000031379548,
            "primarylanduse": 81,
            "landuse": {
                "82": 0.005400000008185969,
                "81": 0.015300000023193578
            },
            "degree": 16.0
        },
        "24": {
            "upslope": [
                25,
                26,
                31,
                32,
                34
            ],
            "downslope": 23,
            "area": 6.372900009660807,
            "primarylanduse": 82,
            "landuse": {
                "82": 6.100200009247416,
                "71": 0.07110000010778192,
                "22": 0.02340000003547253,
                "21": 0.14940000022647845,
                "23": 0.011700000017736264,
                "24": 0.0027000000040929843,
                "41": 0.014400000021829252
            },
            "degree": 17.0
        },
        "25": {
            "upslope": [
                -1
            ],
            "downslope": 24,
            "area": 0.030600000046387157,
            "primarylanduse": 82,
            "landuse": {
                "82": 0.014400000021829252,
                "41": 0.00900000001364328,
                "71": 0.006300000009550297,
                "21": 0.0009000000013643282
            },
            "degree": 18.0
        },
        "26": {
            "upslope": [
                27,
                30
            ],
            "downslope": 24,
            "area": 0.10620000016099071,
            "primarylanduse": 71,
            "landuse": {
                "23": 0.00450000000682164,
                "21": 0.020700000031379544,
                "82": 0.022500000034108205,
                "22": 0.008100000012278953,
                "71": 0.05040000007640238
            },
            "degree": 18.0
        },
        "27": {
            "upslope": [
                28
            ],
            "downslope": 26,
            "area": 0.021600000032743875,
            "primarylanduse": 82,
            "landuse": {
                "82": 0.021600000032743875
            },
            "degree": 19.0
        },
        "28": {
            "upslope": [
                29
            ],
            "downslope": 27,
            "area": 0.019800000030015218,
            "primarylanduse": 82,
            "landuse": {
                "82": 0.011700000017736264,
                "41": 0.008100000012278953
            },
            "degree": 20.0
        },
        "29": {
            "upslope": [
                -1
            ],
            "downslope": 28,
            "area": 0.2115000003206171,
            "primarylanduse": 82,
            "landuse": {
                "82": 0.20070000030424517,
                "71": 0.006300000009550297,
                "22": 0.00450000000682164
            },
            "degree": 21.0
        },
        "30": {
            "upslope": [
                -1
            ],
            "downslope": 26,
            "area": 0.3330000005048014,
            "primarylanduse": 82,
            "landuse": {
                "82": 0.3078000004666002,
                "21": 0.012600000019100594,
                "22": 0.0027000000040929843,
                "23": 0.003600000005457313,
                "71": 0.006300000009550297
            },
            "degree": 19.0
        },
        "31": {
            "upslope": [
                -1
            ],
            "downslope": 24,
            "area": 0.01530000002319358,
            "primarylanduse": 71,
            "landuse": {
                "82": 0.005400000008185969,
                "71": 0.008100000012278953,
                "21": 0.0018000000027286564
            },
            "degree": 18.0
        },
        "32": {
            "upslope": [
                33
            ],
            "downslope": 24,
            "area": 0.016200000024557907,
            "primarylanduse": 71,
            "landuse": {
                "82": 0.003600000005457313,
                "21": 0.00450000000682164,
                "71": 0.008100000012278953
            },
            "degree": 18.0
        },
        "33": {
            "upslope": [
                -1
            ],
            "downslope": 32,
            "area": 0.01890000002865089,
            "primarylanduse": 82,
            "landuse": {
                "82": 0.01890000002865089
            },
            "degree": 19.0
        },
        "34": {
            "upslope": [
                35,
                36,
                37
            ],
            "downslope": 24,
            "area": 0.27180000041202707,
            "primarylanduse": 71,
            "landuse": {
                "71": 0.21600000032743874,
                "82": 0.028800000043658503,
                "21": 0.026100000039565516,
                "22": 0.0009000000013643282
            },
            "degree": 18.0
        },
        "35": {
            "upslope": [
                -1
            ],
            "downslope": 34,
            "area": 0.06120000009277432,
            "primarylanduse": 82,
            "landuse": {
                "82": 0.042300000064123426,
                "71": 0.01890000002865089
            },
            "degree": 19.0
        },
        "36": {
            "upslope": [
                -1
            ],
            "downslope": 34,
            "area": 0.022500000034108205,
            "primarylanduse": 82,
            "landuse": {
                "82": 0.01980000003001522,
                "21": 0.0027000000040929843
            },
            "degree": 19.0
        },
        "37": {
            "upslope": [
                -1
            ],
            "downslope": 34,
            "area": 0.12960000019646326,
            "primarylanduse": 82,
            "landuse": {
                "71": 0.0009000000013643282,
                "21": 0.013500000020464921,
                "82": 0.11340000017190535,
                "22": 0.0018000000027286564
            },
            "degree": 19.0
        },
        "38": {
            "upslope": [
                -1
            ],
            "downslope": 22,
            "area": 0.016200000024557907,
            "primarylanduse": 82,
            "landuse": {
                "82": 0.016200000024557907
            },
            "degree": 16.0
        },
        "39": {
            "upslope": [
                40
            ],
            "downslope": 18,
            "area": 0.21600000032743877,
            "primarylanduse": 82,
            "landuse": {
                "82": 0.20880000031652413,
                "81": 0.0027000000040929843,
                "21": 0.003600000005457313,
                "22": 0.0009000000013643282
            },
            "degree": 13.0
        },
        "40": {
            "upslope": [
                41,
                48
            ],
            "downslope": 39,
            "area": 0.01440000002182925,
            "primarylanduse": 71,
            "landuse": {
                "95": 0.003600000005457313,
                "82": 0.0027000000040929843,
                "71": 0.008100000012278953
            },
            "degree": 14.0
        },
        "41": {
            "upslope": [
                42,
                44,
                45
            ],
            "downslope": 40,
            "area": 0.06120000009277431,
            "primarylanduse": 95,
            "landuse": {
                "82": 0.006300000009550297,
                "95": 0.04950000007503805,
                "71": 0.005400000008185969
            },
            "degree": 15.0
        },
        "42": {
            "upslope": [
                43
            ],
            "downslope": 41,
            "area": 0.05220000007913103,
            "primarylanduse": 82,
            "landuse": {
                "95": 0.01890000002865089,
                "82": 0.01980000003001522,
                "71": 0.013500000020464921
            },
            "degree": 16.0
        },
        "43": {
            "upslope": [
                -1
            ],
            "downslope": 42,
            "area": 0.051300000077766694,
            "primarylanduse": 82,
            "landuse": {
                "82": 0.04680000007094506,
                "41": 0.0027000000040929843,
                "95": 0.0018000000027286564
            },
            "degree": 17.0
        },
        "44": {
            "upslope": [
                -1
            ],
            "downslope": 41,
            "area": 0.019800000030015218,
            "primarylanduse": 82,
            "landuse": {
                "82": 0.01800000002728656,
                "71": 0.0018000000027286564
            },
            "degree": 16.0
        },
        "45": {
            "upslope": [
                46,
                47
            ],
            "downslope": 41,
            "area": 0.015300000023193578,
            "primarylanduse": 82,
            "landuse": {
                "82": 0.00990000001500761,
                "71": 0.00450000000682164,
                "95": 0.0009000000013643282
            },
            "degree": 16.0
        },
        "46": {
            "upslope": [
                -1
            ],
            "downslope": 45,
            "area": 0.01800000002728656,
            "primarylanduse": 82,
            "landuse": {
                "82": 0.01800000002728656
            },
            "degree": 17.0
        },
        "47": {
            "upslope": [
                -1
            ],
            "downslope": 45,
            "area": 0.01800000002728656,
            "primarylanduse": 82,
            "landuse": {
                "82": 0.01800000002728656
            },
            "degree": 17.0
        },
        "48": {
            "upslope": [
                -1
            ],
            "downslope": 40,
            "area": 0.013500000020464921,
            "primarylanduse": 82,
            "landuse": {
                "71": 0.0027000000040929843,
                "82": 0.010800000016371937
            },
            "degree": 15.0
        },
        "49": {
            "upslope": [
                -1
            ],
            "downslope": 18,
            "area": 0.20340000030833819,
            "primarylanduse": 82,
            "landuse": {
                "82": 0.18630000028241595,
                "81": 0.0018000000027286564,
                "41": 0.008100000012278953,
                "71": 0.005400000008185969,
                "21": 0.0009000000013643282,
                "22": 0.0009000000013643282
            },
            "degree": 13.0
        },
        "50": {
            "upslope": [
                -1
            ],
            "downslope": 18,
            "area": 0.023400000035472532,
            "primarylanduse": 82,
            "landuse": {
                "82": 0.010800000016371937,
                "21": 0.010800000016371937,
                "71": 0.0018000000027286564
            },
            "degree": 13.0
        },
        "51": {
            "upslope": [
                -1
            ],
            "downslope": 10,
            "area": 0.022500000034108205,
            "primarylanduse": 82,
            "landuse": {
                "82": 0.014400000021829252,
                "71": 0.008100000012278953
            },
            "degree": 7.0
        },
        "52": {
            "upslope": [
                53
            ],
            "downslope": 10,
            "area": 0.017100000025922237,
            "primarylanduse": 82,
            "landuse": {
                "22": 0.0009000000013643282,
                "71": 0.006300000009550297,
                "82": 0.007200000010914626,
                "21": 0.0027000000040929843
            },
            "degree": 7.0
        },
        "53": {
            "upslope": [
                54
            ],
            "downslope": 52,
            "area": 0.03240000004911582,
            "primarylanduse": 21,
            "landuse": {
                "21": 0.00990000001500761,
                "41": 0.005400000008185969,
                "71": 0.003600000005457313,
                "82": 0.00900000001364328,
                "23": 0.0018000000027286564,
                "22": 0.0027000000040929843
            },
            "degree": 8.0
        },
        "54": {
            "upslope": [
                -1
            ],
            "downslope": 53,
            "area": 0.015300000023193578,
            "primarylanduse": 82,
            "landuse": {
                "82": 0.015300000023193578
            },
            "degree": 9.0
        },
        "55": {
            "upslope": [
                56
            ],
            "downslope": 8,
            "area": 0.22680000034381068,
            "primarylanduse": 82,
            "landuse": {
                "82": 0.21510000032607443,
                "22": 0.00450000000682164,
                "21": 0.00450000000682164,
                "81": 0.0027000000040929843
            },
            "degree": 5.0
        },
        "56": {
            "upslope": [
                57
            ],
            "downslope": 55,
            "area": 0.015300000023193577,
            "primarylanduse": 82,
            "landuse": {
                "82": 0.011700000017736264,
                "21": 0.003600000005457313
            },
            "degree": 6.0
        },
        "57": {
            "upslope": [
                -1
            ],
            "downslope": 56,
            "area": 0.03780000005730178,
            "primarylanduse": 82,
            "landuse": {
                "82": 0.03780000005730178
            },
            "degree": 7.0
        },
        "58": {
            "upslope": [
                -1
            ],
            "downslope": 1,
            "area": 0.33930000051435166,
            "primarylanduse": 82,
            "landuse": {
                "82": 0.33570000050889437,
                "21": 0.003600000005457313
            },
            "degree": 2.0
        }
    }
}